Title,Meta Description,Headings (H1),Headings (H2),Paragraphs
Best Restaurants in India - Zomato,"India Restaurants - Find the best restaurants, cafés and bars in India on Zomato. View Menus, Photos, Ratings and User Reviews for Top restaurants in India.","Find the best restaurants, cafés and bars in India","Popular locations in
India","From swanky upscale restaurants to the cosiest hidden gems serving the most incredible food, Zomato covers it all. Explore menus, and millions of restaurant photos and reviews from users just like you, to find your next great meal.
Who We Are
Blog
Work With Us
Investor Relations
Report Fraud
Press Kit
Contact Us
Zomato
Blinkit
District
Feeding India
Hyperpure
Zomato Live
Zomaland
Weather Union
Partner With Us
Apps For You
Privacy
Security
Terms
By continuing past this page, you agree to our Terms of Service, Cookie Policy, Privacy Policy and Content Policies. All trademarks are properties of their respective owners. 2008-2025 © Zomato™ Ltd. All rights reserved."


--- LINKS ---
text,href
Agra Restaurantschevron-right,https://www.zomato.com/agra
Ahmedabad Restaurantschevron-right,https://www.zomato.com/ahmedabad
Ajmer Restaurantschevron-right,https://www.zomato.com/ajmer
Alappuzha Restaurantschevron-right,https://www.zomato.com/alappuzha
Allahabad Restaurantschevron-right,https://www.zomato.com/allahabad
Amravati Restaurantschevron-right,https://www.zomato.com/amravati
Amritsar Restaurantschevron-right,https://www.zomato.com/amritsar
Aurangabad Restaurantschevron-right,https://www.zomato.com/aurangabad
Bengaluru Restaurantschevron-right,https://www.zomato.com/bangalore
Bhopal Restaurantschevron-right,https://www.zomato.com/bhopal
Bhubaneswar Restaurantschevron-right,https://www.zomato.com/bhubaneswar
Chandigarh Restaurantschevron-right,https://www.zomato.com/chandigarh
Chennai Restaurantschevron-right,https://www.zomato.com/chennai
Coimbatore Restaurantschevron-right,https://www.zomato.com/coimbatore
Cuttack Restaurantschevron-right,https://www.zomato.com/cuttack
Darjeeling Restaurantschevron-right,https://www.zomato.com/darjeeling
Dehradun Restaurantschevron-right,https://www.zomato.com/dehradun
Delhi NCR Restaurantschevron-right,https://www.zomato.com/ncr
Dharamshala Restaurantschevron-right,https://www.zomato.com/dharamshala
Gangtok Restaurantschevron-right,https://www.zomato.com/gangtok
Goa Restaurantschevron-right,https://www.zomato.com/goa
Gorakhpur Restaurantschevron-right,https://www.zomato.com/gorakhpur
Guntur Restaurantschevron-right,https://www.zomato.com/guntur
Guwahati Restaurantschevron-right,https://www.zomato.com/guwahati
Gwalior Restaurantschevron-right,https://www.zomato.com/gwalior
Haridwar Restaurantschevron-right,https://www.zomato.com/haridwar
Hyderabad Restaurantschevron-right,https://www.zomato.com/hyderabad
Indore Restaurantschevron-right,https://www.zomato.com/indore
Jabalpur Restaurantschevron-right,https://www.zomato.com/jabalpur
Jaipur Restaurantschevron-right,https://www.zomato.com/jaipur
Jalandhar Restaurantschevron-right,https://www.zomato.com/jalandhar
Jammu Restaurantschevron-right,https://www.zomato.com/jammu
Jamnagar Restaurantschevron-right,https://www.zomato.com/jamnagar
Jamshedpur Restaurantschevron-right,https://www.zomato.com/jamshedpur
Jhansi Restaurantschevron-right,https://www.zomato.com/jhansi
Jodhpur Restaurantschevron-right,https://www.zomato.com/jodhpur
Junagadh Restaurantschevron-right,https://www.zomato.com/junagadh
Kanpur Restaurantschevron-right,https://www.zomato.com/kanpur
Khajuraho Restaurantschevron-right,https://www.zomato.com/khajuraho
Khamgaon Restaurantschevron-right,https://www.zomato.com/khamgaon
Kharagpur Restaurantschevron-right,https://www.zomato.com/kharagpur
Kochi Restaurantschevron-right,https://www.zomato.com/kochi
Kolhapur Restaurantschevron-right,https://www.zomato.com/kolhapur
Kolkata Restaurantschevron-right,https://www.zomato.com/kolkata
Kota Restaurantschevron-right,https://www.zomato.com/kota
Lucknow Restaurantschevron-right,https://www.zomato.com/lucknow
Ludhiana Restaurantschevron-right,https://www.zomato.com/ludhiana
Madurai Restaurantschevron-right,https://www.zomato.com/madurai
Manali Restaurantschevron-right,https://www.zomato.com/manali
Mangalore Restaurantschevron-right,https://www.zomato.com/mangalore
Manipal Restaurantschevron-right,https://www.zomato.com/manipal
Meerut Restaurantschevron-right,https://www.zomato.com/meerut
Mumbai Restaurantschevron-right,https://www.zomato.com/mumbai
Mussoorie Restaurantschevron-right,https://www.zomato.com/mussoorie
Mysore Restaurantschevron-right,https://www.zomato.com/mysore
Nagpur Restaurantschevron-right,https://www.zomato.com/nagpur
Nainital Restaurantschevron-right,https://www.zomato.com/nainital
Nashik Restaurantschevron-right,https://www.zomato.com/nashik
Neemrana Restaurantschevron-right,https://www.zomato.com/neemrana
Ooty Restaurantschevron-right,https://www.zomato.com/ooty
Palakkad Restaurantschevron-right,https://www.zomato.com/palakkad
Patiala Restaurantschevron-right,https://www.zomato.com/patiala
Patna Restaurantschevron-right,https://www.zomato.com/patna
Puducherry Restaurantschevron-right,https://www.zomato.com/puducherry
Pune Restaurantschevron-right,https://www.zomato.com/pune
Pushkar Restaurantschevron-right,https://www.zomato.com/pushkar
Raipur Restaurantschevron-right,https://www.zomato.com/raipur
Rajkot Restaurantschevron-right,https://www.zomato.com/rajkot
Ranchi Restaurantschevron-right,https://www.zomato.com/ranchi
Rishikesh Restaurantschevron-right,https://www.zomato.com/rishikesh
Salem Restaurantschevron-right,https://www.zomato.com/salem
Shimla Restaurantschevron-right,https://www.zomato.com/shimla
Siliguri Restaurantschevron-right,https://www.zomato.com/siliguri
Srinagar Restaurantschevron-right,https://www.zomato.com/srinagar
Surat Restaurantschevron-right,https://www.zomato.com/surat
Thrissur Restaurantschevron-right,https://www.zomato.com/thrissur
Tirupati Restaurantschevron-right,https://www.zomato.com/tirupati
Trichy Restaurantschevron-right,https://www.zomato.com/trichy
Trivandrum Restaurantschevron-right,https://www.zomato.com/trivandrum
Udaipur Restaurantschevron-right,https://www.zomato.com/udaipur
Vadodara Restaurantschevron-right,https://www.zomato.com/vadodara
Varanasi Restaurantschevron-right,https://www.zomato.com/varanasi
Vellore Restaurantschevron-right,https://www.zomato.com/vellore
Vijayawada Restaurantschevron-right,https://www.zomato.com/vijayawada
Visakhapatnam Restaurantschevron-right,https://www.zomato.com/visakhapatnam
Who We Are,https://www.zomato.com/who-we-are
Blog,https://blog.zomato.com/
Work With Us,https://www.zomato.com/careers
Investor Relations,https://www.zomato.com/investor-relations
Report Fraud,https://www.zomato.com/report-fraud
Press Kit,https://blog.zomato.com/press-kit
Contact Us,https://www.zomato.com/contact
Zomato,https://www.zomato.com/
Blinkit,https://www.blinkit.com/
District,https://www.district.in/
Feeding India,https://www.feedingindia.org/
Hyperpure,https://www.hyperpure.com/
Zomato Live,https://www.zomato.com/live
Zomaland,https://www.zomato.com/zomaland
Weather Union,https://www.weatherunion.com/
Partner With Us,https://www.zomato.com/partner_with_us
Apps For You,https://play.google.com/store/apps/details?id=com.application.services.partner&hl=en_IN&gl=US
Privacy,https://www.zomato.com/privacy
Security,https://www.zomato.com/security
Terms,https://www.zomato.com/conditions
,https://in.linkedin.com/company/zomato
,https://www.instagram.com/zomato/
twitter-circle,https://twitter.com/zomato
,https://www.youtube.com/zomato
,https://www.facebook.com/zomato
,https://link.zomato.com/xqzv/downloadZomatoIos
,https://link.zomato.com/xqzv/downloadZomatoAndroid


--- IMAGES ---
src,alt,title
,,
,,
,Country Image,
,Zomato logo,
,India flag,
"https://b.zmtcdn.com/web_assets/b40b97e677bc7b2ca77c58c61db266fe1603954218.png?fit=around|198:42&crop=198:42;*,*",Zomato logo,
,image,
,image,
